{
  "model": {
    "type": "minecraft:condition",
    "model": "minecraft:item/diamond_sword",
    "property": "minecraft:has_component",
    "component": "minecraft:custom_name",
    "on_true": {
      "type": "minecraft:select",
      "property": "minecraft:component",
      "component": "minecraft:custom_name",
      "cases": [
        {
          "when": "Water Dragon Soul Sword",
          "model": {
            "type": "minecraft:model",
            "model": "minecraft:item/wadss"
          }
        },
        {
          "when": "Wind Dragon Soul Sword",
          "model": {
            "type": "minecraft:model",
            "model": "minecraft:item/widss"
          }
        },
        {
          "when": "Nature Dragon Soul Sword",
          "model": {
            "type": "minecraft:model",
            "model": "minecraft:item/ndss"
          }
        },
        {
          "when": "Fire Dragon Soul Sword",
          "model": {
            "type": "minecraft:model",
            "model": "minecraft:item/fdss"
          }
        },
        {
          "when": "Dragon Soul Sword",
          "model": {
            "type": "minecraft:model",
            "model": "minecraft:item/dss"
          }
        }
      ],
      "fallback": {
        "type": "minecraft:model",
        "model": "minecraft:item/diamond_sword"
      }
    },
    "on_false": {
      "type": "minecraft:model",
      "model": "minecraft:item/diamond_sword"
    }
  }
}