{
	"format_version": "1.9.0",
	"credit": "Made with Blockbench",
	"texture_size": [32, 32],
	"textures": {
		"1": "item/firess",
		"2": "item/fdsseffects"
	},
	"elements": [
		{
			"from": [7.5, 0, 7.5],
			"to": [8.5, 5.25, 8.5],
			"rotation": {"angle": 0, "axis": "y", "origin": [7, 0, 7]},
			"faces": {
				"north": {"uv": [6.5, 1.5, 7, 4], "texture": "#1"},
				"east": {"uv": [6.5, 5.5, 7, 8], "texture": "#1"},
				"south": {"uv": [0, 7, 0.5, 9.5], "texture": "#1"},
				"west": {"uv": [0.5, 7, 1, 9.5], "texture": "#1"},
				"up": {"uv": [6.5, 6, 6, 5.5], "texture": "#1"},
				"down": {"uv": [6.5, 7.5, 6, 8], "texture": "#1"}
			}
		},
		{
			"from": [6, 5.25, 7.25],
			"to": [10, 8.25, 8.75],
			"rotation": {"angle": 0, "axis": "y", "origin": [5.75, 5.25, 8.25]},
			"faces": {
				"north": {"uv": [3, 0, 5, 1.5], "texture": "#1"},
				"east": {"uv": [2.5, 6, 3.5, 7.5], "texture": "#1"},
				"south": {"uv": [3, 1.5, 5, 3], "texture": "#1"},
				"west": {"uv": [3.5, 6, 4.5, 7.5], "texture": "#1"},
				"up": {"uv": [5, 4, 3, 3], "texture": "#1"},
				"down": {"uv": [2, 4, 0, 5], "texture": "#1"}
			}
		},
		{
			"from": [10, 7.5, 7.25],
			"to": [11, 8.25, 8.75],
			"rotation": {"angle": 0, "axis": "y", "origin": [10, 6, 7]},
			"faces": {
				"north": {"uv": [2, 10, 2.5, 10.5], "texture": "#1"},
				"east": {"uv": [8.5, 6.5, 9.5, 7], "texture": "#1"},
				"south": {"uv": [6, 10, 6.5, 10.5], "texture": "#1"},
				"west": {"uv": [7, 8.5, 8, 9], "texture": "#1"},
				"up": {"uv": [8.5, 9.5, 8, 8.5], "texture": "#1"},
				"down": {"uv": [9, 8.5, 8.5, 9.5], "texture": "#1"}
			}
		},
		{
			"from": [5, 7.5, 7.25],
			"to": [6, 8.25, 8.75],
			"rotation": {"angle": 0, "axis": "y", "origin": [5, 6, 7]},
			"faces": {
				"north": {"uv": [10, 6, 10.5, 6.5], "texture": "#1"},
				"east": {"uv": [9, 0, 10, 0.5], "texture": "#1"},
				"south": {"uv": [6.5, 10, 7, 10.5], "texture": "#1"},
				"west": {"uv": [9, 0.5, 10, 1], "texture": "#1"},
				"up": {"uv": [1.5, 10, 1, 9], "texture": "#1"},
				"down": {"uv": [9.5, 1, 9, 2], "texture": "#1"}
			}
		},
		{
			"from": [4.75, 9, 7.25],
			"to": [5.75, 13, 8.75],
			"rotation": {"angle": -22.5, "axis": "z", "origin": [3.75, 11, 7]},
			"faces": {
				"north": {"uv": [1, 7, 1.5, 9], "texture": "#1"},
				"east": {"uv": [2, 4, 3, 6], "texture": "#1"},
				"south": {"uv": [1.5, 7, 2, 9], "texture": "#1"},
				"west": {"uv": [3, 4, 4, 6], "texture": "#1"},
				"up": {"uv": [2, 10, 1.5, 9], "texture": "#1"},
				"down": {"uv": [9.5, 2, 9, 3], "texture": "#1"}
			}
		},
		{
			"from": [10.5, 7.75, 7.25],
			"to": [11.5, 11.75, 8.75],
			"rotation": {"angle": 22.5, "axis": "z", "origin": [9.5, 9.75, 7]},
			"faces": {
				"north": {"uv": [7, 1.5, 7.5, 3.5], "texture": "#1"},
				"east": {"uv": [4, 4, 5, 6], "texture": "#1"},
				"south": {"uv": [7, 3.5, 7.5, 5.5], "texture": "#1"},
				"west": {"uv": [0, 5, 1, 7], "texture": "#1"},
				"up": {"uv": [3.5, 10, 3, 9], "texture": "#1"},
				"down": {"uv": [9.5, 3, 9, 4], "texture": "#1"}
			}
		},
		{
			"from": [4.75, 3, 7.25],
			"to": [5.75, 7, 8.75],
			"rotation": {"angle": 22.5, "axis": "z", "origin": [3.75, 5, 7]},
			"faces": {
				"north": {"uv": [7, 5.5, 7.5, 7.5], "texture": "#1"},
				"east": {"uv": [5, 0, 6, 2], "texture": "#1"},
				"south": {"uv": [7.5, 0, 8, 2], "texture": "#1"},
				"west": {"uv": [1, 5, 2, 7], "texture": "#1"},
				"up": {"uv": [4, 10, 3.5, 9], "texture": "#1"},
				"down": {"uv": [4.5, 9, 4, 10], "texture": "#1"}
			}
		},
		{
			"from": [10.5, 4.25, 7.25],
			"to": [11.5, 8.25, 8.75],
			"rotation": {"angle": -22.5, "axis": "z", "origin": [9.5, 6.25, 7]},
			"faces": {
				"north": {"uv": [7.5, 2, 8, 4], "texture": "#1"},
				"east": {"uv": [5, 2, 6, 4], "texture": "#1"},
				"south": {"uv": [2.5, 7.5, 3, 9.5], "texture": "#1"},
				"west": {"uv": [5, 4, 6, 6], "texture": "#1"},
				"up": {"uv": [5, 10, 4.5, 9], "texture": "#1"},
				"down": {"uv": [5.5, 9, 5, 10], "texture": "#1"}
			}
		},
		{
			"from": [4, 7.25, 7.25],
			"to": [5, 8.75, 8.75],
			"rotation": {"angle": 0, "axis": "y", "origin": [3.5, 6.75, 7]},
			"faces": {
				"north": {"uv": [5.5, 9, 6, 10], "texture": "#1"},
				"east": {"uv": [3, 7.5, 4, 8.5], "texture": "#1"},
				"south": {"uv": [6, 9, 6.5, 10], "texture": "#1"},
				"west": {"uv": [4, 7.5, 5, 8.5], "texture": "#1"},
				"up": {"uv": [7, 10, 6.5, 9], "texture": "#1"},
				"down": {"uv": [7.5, 9, 7, 10], "texture": "#1"}
			}
		},
		{
			"from": [11, 7.25, 7.25],
			"to": [12, 8.75, 8.75],
			"rotation": {"angle": 0, "axis": "y", "origin": [10.5, 6.75, 7]},
			"faces": {
				"north": {"uv": [7.5, 9, 8, 10], "texture": "#1"},
				"east": {"uv": [7.5, 4, 8.5, 5], "texture": "#1"},
				"south": {"uv": [9, 8.5, 9.5, 9.5], "texture": "#1"},
				"west": {"uv": [5, 7.5, 6, 8.5], "texture": "#1"},
				"up": {"uv": [0.5, 10.5, 0, 9.5], "texture": "#1"},
				"down": {"uv": [1, 9.5, 0.5, 10.5], "texture": "#1"}
			}
		},
		{
			"from": [6.5, 8.25, 7.5],
			"to": [9.5, 16.25, 8.5],
			"rotation": {"angle": 0, "axis": "y", "origin": [7, 8.25, 7]},
			"faces": {
				"north": {"uv": [0, 0, 1.5, 4], "texture": "#1"},
				"east": {"uv": [6, 0, 6.5, 4], "texture": "#1"},
				"south": {"uv": [1.5, 0, 3, 4], "texture": "#1"},
				"west": {"uv": [2, 6, 2.5, 10], "texture": "#1"},
				"up": {"uv": [9, 7.5, 7.5, 7], "texture": "#1"},
				"down": {"uv": [9.5, 7.5, 8, 8], "texture": "#1"}
			}
		},
		{
			"from": [6.75, 16.25, 7.5],
			"to": [9.25, 17.5, 8.5],
			"rotation": {"angle": 0, "axis": "y", "origin": [7, 16.25, 7]},
			"faces": {
				"north": {"uv": [8, 8, 9.5, 8.5], "texture": "#1"},
				"east": {"uv": [7, 10, 7.5, 10.5], "texture": "#1"},
				"south": {"uv": [3, 8.5, 4.5, 9], "texture": "#1"},
				"west": {"uv": [10, 7, 10.5, 7.5], "texture": "#1"},
				"up": {"uv": [10, 4.5, 8.5, 4], "texture": "#1"},
				"down": {"uv": [6, 8.5, 4.5, 9], "texture": "#1"}
			}
		},
		{
			"from": [7.25, 17.5, 7.5],
			"to": [8.75, 18.75, 8.5],
			"rotation": {"angle": 0, "axis": "y", "origin": [7, 17.5, 7]},
			"faces": {
				"north": {"uv": [9, 7, 10, 7.5], "texture": "#1"},
				"east": {"uv": [7.5, 10, 8, 10.5], "texture": "#1"},
				"south": {"uv": [9.5, 1, 10.5, 1.5], "texture": "#1"},
				"west": {"uv": [10, 7.5, 10.5, 8], "texture": "#1"},
				"up": {"uv": [10.5, 2, 9.5, 1.5], "texture": "#1"},
				"down": {"uv": [10.5, 2, 9.5, 2.5], "texture": "#1"}
			}
		},
		{
			"from": [7, 6.75, 5.5],
			"to": [9, 7.25, 8],
			"rotation": {"angle": 22.5, "axis": "x", "origin": [7, 6.25, 6]},
			"faces": {
				"north": {"uv": [9.5, 2.5, 10.5, 3], "texture": "#1"},
				"east": {"uv": [8.5, 4.5, 10, 5], "texture": "#1"},
				"south": {"uv": [9.5, 3, 10.5, 3.5], "texture": "#1"},
				"west": {"uv": [8.5, 5, 10, 5.5], "texture": "#1"},
				"up": {"uv": [7, 5.5, 6, 4], "texture": "#1"},
				"down": {"uv": [5.5, 6, 4.5, 7.5], "texture": "#1"}
			}
		},
		{
			"from": [7, 6.25, 8],
			"to": [9, 6.75, 10.5],
			"rotation": {"angle": -22.5, "axis": "x", "origin": [7, 5.75, 8.5]},
			"faces": {
				"north": {"uv": [9.5, 3.5, 10.5, 4], "texture": "#1"},
				"east": {"uv": [8.5, 5.5, 10, 6], "texture": "#1"},
				"south": {"uv": [9.5, 6.5, 10.5, 7], "texture": "#1"},
				"west": {"uv": [8.5, 6, 10, 6.5], "texture": "#1"},
				"up": {"uv": [6.5, 7.5, 5.5, 6], "texture": "#1"},
				"down": {"uv": [7.5, 0, 6.5, 1.5], "texture": "#1"}
			}
		},
		{
			"from": [7, 5.25, 6.5],
			"to": [9, 7.5, 7],
			"rotation": {"angle": -45, "axis": "x", "origin": [7, 7.25, 6]},
			"faces": {
				"north": {"uv": [7.5, 5, 8.5, 6], "texture": "#1"},
				"east": {"uv": [2.5, 9.5, 3, 10.5], "texture": "#1"},
				"south": {"uv": [7.5, 6, 8.5, 7], "texture": "#1"},
				"west": {"uv": [9.5, 7.5, 10, 8.5], "texture": "#1"},
				"up": {"uv": [9, 10, 8, 9.5], "texture": "#1"},
				"down": {"uv": [10.5, 8.5, 9.5, 9], "texture": "#1"}
			}
		},
		{
			"from": [7, 6.5, 8.5],
			"to": [9, 7, 10.75],
			"rotation": {"angle": -45, "axis": "x", "origin": [7, 6, 8.75]},
			"faces": {
				"north": {"uv": [9, 9.5, 10, 10], "texture": "#1"},
				"east": {"uv": [9.5, 9, 10.5, 9.5], "texture": "#1"},
				"south": {"uv": [10, 0, 11, 0.5], "texture": "#1"},
				"west": {"uv": [10, 0.5, 11, 1], "texture": "#1"},
				"up": {"uv": [8, 8.5, 7, 7.5], "texture": "#1"},
				"down": {"uv": [9, 0, 8, 1], "texture": "#1"}
			}
		},
		{
			"from": [7, 6, 6],
			"to": [9, 6.75, 8],
			"rotation": {"angle": 22.5, "axis": "x", "origin": [7, 5.75, 6]},
			"faces": {
				"north": {"uv": [1, 10, 2, 10.5], "texture": "#1"},
				"east": {"uv": [3, 10, 4, 10.5], "texture": "#1"},
				"south": {"uv": [4, 10, 5, 10.5], "texture": "#1"},
				"west": {"uv": [10, 4, 11, 4.5], "texture": "#1"},
				"up": {"uv": [9, 2, 8, 1], "texture": "#1"},
				"down": {"uv": [9, 2, 8, 3], "texture": "#1"}
			}
		},
		{
			"from": [7, 5.25, 8],
			"to": [9, 6, 10],
			"rotation": {"angle": -22.5, "axis": "x", "origin": [7, 5, 8]},
			"faces": {
				"north": {"uv": [10, 4.5, 11, 5], "texture": "#1"},
				"east": {"uv": [5, 10, 6, 10.5], "texture": "#1"},
				"south": {"uv": [10, 5, 11, 5.5], "texture": "#1"},
				"west": {"uv": [10, 5.5, 11, 6], "texture": "#1"},
				"up": {"uv": [9, 4, 8, 3], "texture": "#1"},
				"down": {"uv": [7, 8, 6, 9], "texture": "#1"}
			}
		},
		{
			"from": [7, 5, 6.75],
			"to": [7.75, 5.75, 7.25],
			"rotation": {"angle": 0, "axis": "y", "origin": [7, 3.75, 6]},
			"faces": {
				"north": {"uv": [8, 10, 8.5, 10.5], "texture": "#1"},
				"east": {"uv": [10, 8, 10.5, 8.5], "texture": "#1"},
				"south": {"uv": [8.5, 10, 9, 10.5], "texture": "#1"},
				"west": {"uv": [9, 10, 9.5, 10.5], "texture": "#1"},
				"up": {"uv": [10, 10.5, 9.5, 10], "texture": "#1"},
				"down": {"uv": [10.5, 9.5, 10, 10], "texture": "#1"}
			}
		},
		{
			"from": [7, 5, 8.75],
			"to": [7.75, 5.75, 9.25],
			"rotation": {"angle": 0, "axis": "y", "origin": [7, 3.75, 8]},
			"faces": {
				"north": {"uv": [10, 10, 10.5, 10.5], "texture": "#1"},
				"east": {"uv": [0, 10.5, 0.5, 11], "texture": "#1"},
				"south": {"uv": [0.5, 10.5, 1, 11], "texture": "#1"},
				"west": {"uv": [1, 10.5, 1.5, 11], "texture": "#1"},
				"up": {"uv": [11, 1.5, 10.5, 1], "texture": "#1"},
				"down": {"uv": [2, 10.5, 1.5, 11], "texture": "#1"}
			}
		},
		{
			"from": [8.25, 5, 6.75],
			"to": [9, 5.75, 7.25],
			"rotation": {"angle": 0, "axis": "y", "origin": [8.25, 3.75, 6]},
			"faces": {
				"north": {"uv": [10.5, 1.5, 11, 2], "texture": "#1"},
				"east": {"uv": [2, 10.5, 2.5, 11], "texture": "#1"},
				"south": {"uv": [10.5, 2, 11, 2.5], "texture": "#1"},
				"west": {"uv": [2.5, 10.5, 3, 11], "texture": "#1"},
				"up": {"uv": [11, 3, 10.5, 2.5], "texture": "#1"},
				"down": {"uv": [3.5, 10.5, 3, 11], "texture": "#1"}
			}
		},
		{
			"from": [8.25, 5, 8.75],
			"to": [9, 5.75, 9.25],
			"rotation": {"angle": 0, "axis": "y", "origin": [8.25, 3.75, 8]},
			"faces": {
				"north": {"uv": [10.5, 3, 11, 3.5], "texture": "#1"},
				"east": {"uv": [3.5, 10.5, 4, 11], "texture": "#1"},
				"south": {"uv": [10.5, 3.5, 11, 4], "texture": "#1"},
				"west": {"uv": [4, 10.5, 4.5, 11], "texture": "#1"},
				"up": {"uv": [5, 11, 4.5, 10.5], "texture": "#1"},
				"down": {"uv": [5.5, 10.5, 5, 11], "texture": "#1"}
			}
		},
		{
			"from": [3, 8, 8],
			"to": [13, 20, 8],
			"rotation": {"angle": 0, "axis": "y", "origin": [7, 13, 7]},
			"faces": {
				"north": {"uv": [5, 0, 10, 6], "texture": "#2"},
				"east": {"uv": [1, 0.5, 1, 6.5], "texture": "#2"},
				"south": {"uv": [0, 0, 5, 6], "texture": "#2"},
				"west": {"uv": [1, 0.5, 1, 6.5], "texture": "#2"},
				"up": {"uv": [0, 1, 5, 1], "texture": "#2"},
				"down": {"uv": [0, 1, 5, 1], "texture": "#2"}
			}
		}
	],
	"display": {
		"thirdperson_righthand": {
			"rotation": [92, -89, 90],
			"translation": [0, 4.75, 1.75]
		},
		"thirdperson_lefthand": {
			"rotation": [93, -89, 90],
			"translation": [0, 4.75, 1.75]
		},
		"firstperson_righthand": {
			"rotation": [0, 90, 0],
			"translation": [1, 4.25, 0]
		},
		"firstperson_lefthand": {
			"rotation": [0, 90, 0],
			"translation": [1, 4.25, 0]
		},
		"ground": {
			"rotation": [0, 0, 32],
			"scale": [0.5, 0.5, 0.5]
		},
		"gui": {
			"rotation": [0, 0, -32],
			"translation": [-0.75, -2, 0]
		},
		"head": {
			"translation": [0, 13.5, 0]
		},
		"fixed": {
			"rotation": [0, 0, 32],
			"translation": [0, -2, 0]
		}
	},
	"groups": [
		{
			"name": "main",
			"origin": [8, 8, 8],
			"color": 0,
			"children": [0, 1, 2, 3, 4, 5, 6, 7, 8, 9, 10, 11, 12, 13, 14, 15, 16, 17, 18, 19, 20, 21, 22]
		},
		23
	]
}